Filename,Chroma_Frequencies,Spectral_Centroid,Spectral_Bandwidth,Spectral_Rolloff,Zero_Crossing_Rate,RMSE,MFCC_1,MFCC_2,MFCC_3,MFCC_4,MFCC_5,MFCC_6,MFCC_7,MFCC_8,MFCC_9,MFCC_10,MFCC_11,MFCC_12,MFCC_13,MFCC_14,MFCC_15,MFCC_16,MFCC_17,MFCC_18,MFCC_19,MFCC_20,Label
bagpipe.au,0.2936075031757355,2849.4656756565537,2327.3425872884923,5250.676583210381,0.19165228025832043,0.057691462337970734,-157.45741271972656,47.4061279296875,-35.37649154663086,16.742679595947266,-14.782565116882324,-2.0185296535491943,-10.714550018310547,-2.605282783508301,-1.821526050567627,7.280959606170654,-1.434581995010376,3.491243839263916,2.9857218265533447,3.1492462158203125,8.07408618927002,3.9141547679901123,5.277880668640137,9.26390266418457,2.5276899337768555,3.4849750995635986,music_au
ballad.au,0.2521112859249115,788.8117800851827,1132.2871147869707,1390.9415891665053,0.03981344028154025,0.026703674346208572,-372.4124450683594,183.3050079345703,-13.101943016052246,3.9259982109069824,16.87510108947754,-5.82427453994751,-4.886340141296387,-6.741380214691162,-11.41567611694336,-1.3613659143447876,-2.591606378555298,-3.2947404384613037,-5.666998863220215,-1.581507682800293,-1.3351447582244873,-1.7886532545089722,0.6128356456756592,-0.4261939525604248,0.0005288611282594502,-0.9805349111557007,music_au
bartok.au,0.37342384457588196,1612.2638028423655,1588.2969414417653,2910.707399350571,0.09838678224167957,0.060220424085855484,-174.05528259277344,136.072998046875,-60.39787673950195,4.902534008026123,-27.095962524414062,-8.607434272766113,-19.29480743408203,-12.681208610534668,-16.25774383544922,-7.096235275268555,-8.936236381530762,-1.9535433053970337,-6.828345775604248,-0.39968445897102356,-2.324834108352661,3.906859874725342,1.2668501138687134,3.451561212539673,-2.7948806285858154,1.3363921642303467,music_au
beat.au,0.3682456910610199,2133.687671690264,2339.132987310879,4443.656463150639,0.09873069550599846,0.07034721225500107,-168.421630859375,92.98301696777344,-2.339183807373047,27.882123947143555,-3.5247013568878174,12.737165451049805,3.0688211917877197,5.616849422454834,-0.9489568471908569,3.7480483055114746,-1.404808759689331,5.0421271324157715,-0.09862171113491058,5.750892162322998,0.007340327836573124,1.419396996498108,0.01898656226694584,0.968174397945404,-0.9387045502662659,1.5025399923324585,music_au
beatles.au,0.3615257441997528,1262.0189122392608,1827.5999023969575,2593.1343196715366,0.03613205664667183,0.09937796741724014,-269.6759948730469,109.9901351928711,17.380903244018555,59.72512435913086,12.696098327636719,25.953508377075195,9.174318313598633,18.750694274902344,3.0001060962677,10.543577194213867,3.4161834716796875,1.0326827764511108,0.13992175459861755,2.9200246334075928,-3.36630916595459,-2.6722662448883057,-6.8751373291015625,-2.811528444290161,-3.698080539703369,0.6110342741012573,music_au
bigband.au,0.3312271237373352,2255.135628651518,2060.164333405142,3953.659426095685,0.12803475111261609,0.05095627158880234,-192.91688537597656,89.26522064208984,-50.37312698364258,26.026582717895508,8.227526664733887,-17.603376388549805,-10.883678436279297,-7.903281211853027,-16.696346282958984,-0.3718923032283783,-8.664092063903809,2.540245771408081,0.7938589453697205,5.586034297943115,9.943989753723145,10.374258041381836,8.609344482421875,11.4909086227417,9.77629566192627,1.2997832298278809,music_au
birdland.au,0.39887288212776184,2438.391783579029,2475.9605593047854,4894.178738904073,0.11714025916698917,0.12704265117645264,-88.13526916503906,88.90440368652344,-11.252913475036621,28.223106384277344,12.408855438232422,-0.9397718906402588,-1.1364638805389404,2.7580761909484863,-0.3154694736003876,4.793796062469482,-6.9698805809021,1.7046918869018555,0.6343346238136292,-0.8476873636245728,-1.314847469329834,1.2486164569854736,2.949211835861206,5.211483001708984,-3.1032793521881104,2.9919724464416504,music_au
blues.au,0.3730515241622925,1891.2342204767408,2251.305942516301,4002.8757951577013,0.0735970606375774,0.0256600771099329,-280.3527526855469,105.06446075439453,-5.445668697357178,24.8089599609375,-1.6310614347457886,6.298676013946533,0.46416357159614563,7.71049690246582,1.0036405324935913,5.509644985198975,-1.6940456628799438,2.6691524982452393,-5.945474147796631,-2.75873064994812,-3.5354831218719482,3.542271137237549,-1.924124002456665,-0.07850689440965652,1.4704973697662354,0.721945583820343,music_au
bmarsalis.au,0.4755086898803711,1979.9494634679693,2441.5236179331964,4537.355896562984,0.0666133538119195,0.09321584552526474,-166.75494384765625,95.70209503173828,9.324610710144043,40.2291145324707,12.985584259033203,10.534159660339355,1.0551010370254517,10.644201278686523,-0.36870670318603516,8.631321907043457,0.7100271582603455,6.194046497344971,2.3198060989379883,2.9199295043945312,6.921667098999023,4.10815954208374,3.202064275741577,2.9610936641693115,2.1715149879455566,3.7431576251983643,music_au
brahms.au,0.23656094074249268,1005.2184926773369,1124.2442304116976,1781.0642301482683,0.061066524163119196,0.11993285268545151,-217.414794921875,175.3990478515625,-39.459781646728516,21.063446044921875,-0.5910775065422058,-9.91656494140625,-12.188838958740234,-10.826197624206543,-7.79482889175415,-1.0693907737731934,-7.3952717781066895,-7.401388168334961,-6.695307731628418,-8.13145923614502,-6.066323757171631,-2.057091474533081,-3.663827419281006,-2.253945827484131,-3.6385576725006104,-2.0034327507019043,music_au
canonaki.au,0.240329772233963,1982.9385939506374,1963.091813092611,3618.5947855190598,0.11521245525348298,0.13190674781799316,-134.22128295898438,101.13947296142578,-37.25634765625,12.473666191101074,-6.339925289154053,10.431075096130371,10.673640251159668,4.514277935028076,-6.490185260772705,-4.111063480377197,-1.9135557413101196,0.6652926206588745,2.4506280422210693,5.056853294372559,6.697558879852295,3.1843957901000977,0.9987425208091736,-0.6536347270011902,-2.1827778816223145,-2.771655797958374,music_au
caravan.au,0.4345482587814331,902.6445853795417,1210.866615095022,1956.604835344911,0.04137200984423375,0.08294641226530075,-232.5302276611328,185.05870056152344,-31.102807998657227,55.0671501159668,4.628439426422119,9.539302825927734,9.460081100463867,-3.710557222366333,-0.641853928565979,-5.2756028175354,-5.150647163391113,-3.728461980819702,1.3887773752212524,-3.2270967960357666,-3.0846095085144043,-1.545835256576538,-0.8280494809150696,1.0683623552322388,0.6017031669616699,-1.0142790079116821,music_au
chaka.au,0.3467544615268707,2293.837248577123,2372.2640151852083,4810.887575887674,0.10654659684597523,0.1498039960861206,-87.91607666015625,91.67382049560547,-7.494211673736572,25.187793731689453,3.053586006164551,15.740361213684082,-7.844035625457764,3.5462193489074707,-2.8579518795013428,1.348625898361206,-0.8204267024993896,1.2619452476501465,-3.0396533012390137,0.22882987558841705,1.6579214334487915,2.8217313289642334,3.081403970718384,4.038054943084717,1.0602335929870605,1.3167328834533691,music_au
classical.au,0.3162904679775238,1326.5961819179395,1810.290306105313,2600.3842758320434,0.04800424487229102,0.04067196696996689,-283.3731994628906,133.5243377685547,-5.749693393707275,28.17595672607422,-4.532106399536133,4.768568515777588,-7.406833648681641,2.2290027141571045,-4.814239978790283,1.3453110456466675,-5.330852508544922,0.18230922520160675,-4.5173420906066895,-0.12202268093824387,-2.29069447517395,-0.07228679209947586,-2.2594847679138184,1.6888937950134277,-3.1382014751434326,-2.2012250423431396,music_au
classical1.au,0.27574360370635986,1175.7357918392927,1614.5287878855254,2370.90233014464,0.05286060250580495,0.036862485110759735,-293.8173828125,146.78298950195312,-15.93624210357666,36.93252182006836,1.1099989414215088,0.7864546179771423,3.3404765129089355,8.916921615600586,2.7793819904327393,5.368941307067871,-5.400216579437256,-0.010648638941347599,-2.7654123306274414,0.5760987997055054,2.2681634426116943,5.675731182098389,2.498034954071045,4.801226615905762,3.265840530395508,2.785874605178833,music_au
classical2.au,0.22850963473320007,1130.440581173861,1494.9062537055586,1953.7131861636512,0.06209372883610681,0.04456756263971329,-277.1837158203125,161.11734008789062,-10.1288423538208,17.683528900146484,-4.6549835205078125,1.7595583200454712,-4.654775142669678,2.2449216842651367,-3.6154558658599854,5.160083770751953,-1.741585612297058,1.9561450481414795,-3.8853423595428467,1.9129748344421387,1.4224238395690918,3.458050489425659,0.030042240396142006,2.753425121307373,-1.1232311725616455,-0.307467520236969,music_au
copland.au,0.34540605545043945,1712.409750553586,1862.6578202619537,3140.9810069175696,0.10088223200464397,0.09177189320325851,-194.68577575683594,104.5530776977539,-40.60271072387695,36.74382781982422,17.012413024902344,-6.4402360916137695,-2.2994637489318848,8.394989013671875,0.1738591194152832,10.072306632995605,0.6323712468147278,11.559318542480469,6.080648899078369,10.877467155456543,11.313350677490234,10.95438003540039,8.475048065185547,10.339317321777344,6.2810959815979,3.8862063884735107,music_au
copland2.au,0.26237499713897705,1079.052453412471,1420.4277969238904,1982.0130150384578,0.05553670121420279,0.045901477336883545,-301.7513427734375,158.8689727783203,-8.739705085754395,24.522968292236328,7.021855354309082,0.30309832096099854,2.8202946186065674,1.1330814361572266,-2.2749557495117188,-0.36382967233657837,-4.55379056930542,3.2545056343078613,2.543694019317627,0.8755137920379639,-1.8898903131484985,0.5915849804878235,-0.02630474604666233,0.9288780093193054,0.9554615020751953,-0.7903504371643066,music_au
corea.au,0.23171651363372803,836.2771720425078,1375.3856613394107,1214.2926573384289,0.03617211687306501,0.062519371509552,-336.0514831542969,166.33045959472656,32.53746795654297,20.948673248291016,-2.6449215412139893,-8.193909645080566,-7.111232757568359,0.6627986431121826,-9.920304298400879,-4.899292945861816,-9.795736312866211,-4.208198070526123,-10.875570297241211,-5.466196060180664,-4.308042049407959,-8.736300468444824,-5.987024784088135,-0.08230023831129074,-2.7628657817840576,-2.7232167720794678,music_au
corea1.au,0.2684963047504425,1674.8278497425902,2355.8180542655505,3571.528403456366,0.0646432221120356,0.1404533088207245,-140.3168487548828,120.45622253417969,29.262012481689453,4.554598331451416,-8.060314178466797,2.522242784500122,2.5865790843963623,10.277167320251465,1.4504165649414062,-0.06159580871462822,0.45370975136756897,8.963761329650879,5.887823581695557,2.367544651031494,-0.5459986925125122,-1.338144302368164,-2.977215528488159,5.800025939941406,3.3157169818878174,0.6430858969688416,music_au
cure.au,0.3813880383968353,1994.5896756087213,2181.3385693032355,4161.016505569128,0.09477380333301083,0.057145606726408005,-180.9186248779297,103.3953628540039,-17.495586395263672,37.55284881591797,0.5255745649337769,7.666357040405273,10.399752616882324,7.817220211029053,-5.013372421264648,6.151176929473877,5.635517120361328,2.368391513824463,0.7024967670440674,2.962193250656128,0.5956540703773499,-0.44093042612075806,-6.240135192871094,0.6520052552223206,-3.1767570972442627,-3.1068532466888428,music_au
debussy.au,0.2659408450126648,1198.2745122141407,1405.5628508253735,2195.036726913216,0.07147689205205109,0.061107199639081955,-244.59109497070312,168.35227966308594,-26.033584594726562,19.294889450073242,-0.3106958866119385,0.4120977520942688,-3.726369857788086,-2.842193126678467,-11.492655754089355,-1.4126545190811157,-3.720050811767578,0.4180395305156708,0.7233092784881592,-0.8059192299842834,1.240318775177002,3.247480630874634,1.1314611434936523,-0.24119345843791962,-1.4618029594421387,-0.7116358280181885,music_au
deedee.au,0.36141157150268555,1778.6192779789922,2275.146611121272,3851.5767100425696,0.0677036722378096,0.08226995915174484,-206.45278930664062,107.79266357421875,10.662753105163574,29.60419273376465,7.357555866241455,15.894841194152832,4.293085098266602,3.335714101791382,8.624439239501953,4.183946132659912,1.2983198165893555,2.0165035724639893,-3.6236281394958496,0.785896897315979,-1.9876195192337036,4.205584526062012,6.468712329864502,8.428009986877441,0.6829336881637573,-0.5585414171218872,music_au
deedee1.au,0.35904771089553833,2001.4260095428651,2519.9894214722367,4579.697307196933,0.07016284104102168,0.0606912299990654,-211.21119689941406,98.21717834472656,17.51398277282715,27.200897216796875,6.620754241943359,14.267321586608887,2.318204879760742,1.742319941520691,1.2899647951126099,4.838548183441162,0.758996844291687,3.137672185897827,-1.7755807638168335,1.44489324092865,-1.050222396850586,-0.18911710381507874,-3.233884811401367,1.862292766571045,-2.0134572982788086,0.7427563071250916,music_au
duke.au,0.3300154209136963,1146.4313577349028,1261.7783005650936,2320.044304342831,0.06244520063370743,0.07211554795503616,-248.74594116210938,153.66372680664062,-44.49080276489258,58.22940444946289,32.33925247192383,11.146394729614258,6.894070148468018,-14.485123634338379,-1.8437293767929077,-7.175609111785889,-3.6716010570526123,4.038407325744629,-0.2622642517089844,1.0421501398086548,-4.240230083465576,-2.6192502975463867,-1.4336748123168945,-3.9524905681610107,-0.7479719519615173,-2.7348618507385254,music_au
echoes.au,0.34091755747795105,2114.301048983683,1892.1835454929646,3624.8697475752224,0.13067003374129257,0.06527203321456909,-200.7130584716797,96.02631378173828,-46.68708419799805,38.02444839477539,8.622786521911621,-29.606538772583008,-11.95567798614502,-0.3316917419433594,-22.282882690429688,4.863543510437012,-1.9845200777053833,-0.41476866602897644,8.248908042907715,16.50605583190918,6.8329057693481445,7.892180442810059,7.471939563751221,10.066542625427246,5.6079583168029785,7.955431938171387,music_au
eguitar.au,0.33263537287712097,2515.3973821405484,2613.1554543934158,5519.633290199304,0.1122733195868808,0.037257105112075806,-191.98793029785156,80.00419616699219,-0.6026601195335388,24.80344581604004,-2.363130569458008,13.137757301330566,-1.0589346885681152,5.726895332336426,-2.4064130783081055,4.533581256866455,0.7391846776008606,3.796724557876587,-0.29338064789772034,2.677018165588379,-2.0250794887542725,3.4995086193084717,1.5064845085144043,0.9447625279426575,1.72584068775177,4.957541465759277,music_au
georose.au,0.44182318449020386,2589.049747060465,3127.7783840340185,6725.250999993953,0.07203433388157894,0.055334754288196564,-207.25930786132812,72.42512512207031,39.59645462036133,26.005115509033203,13.35114860534668,14.342516899108887,9.358757972717285,13.247039794921875,-1.3879101276397705,3.158167600631714,-0.6116021871566772,3.4780378341674805,-2.1351733207702637,6.622135162353516,0.0069767385721206665,5.272587299346924,-0.41701769828796387,2.332812786102295,0.38108545541763306,0.6982318162918091,music_au
gismonti.au,0.2666347622871399,2708.4960046419833,3153.9622918685714,6907.758229731037,0.056887789038312694,0.020571555942296982,-355.791748046875,51.18437957763672,21.650300979614258,27.807819366455078,34.75056838989258,6.413171291351318,-5.848277568817139,-0.2870424687862396,-0.014528115279972553,0.43745237588882446,-4.845088958740234,-0.2551044523715973,8.352020263671875,6.707253456115723,-13.493226051330566,-0.4421367943286896,-5.928337574005127,0.474065363407135,7.703814506530762,-9.33203411102295,music_au
glass.au,0.23432545363903046,1814.4329676372734,1919.0235512258698,3340.0964695602747,0.09248318982198142,0.08083043247461319,-187.56109619140625,102.77076721191406,-37.732505798339844,42.958099365234375,6.34370756149292,-21.91550636291504,-12.837550163269043,-6.5334882736206055,-12.17508316040039,4.99122428894043,-6.001463413238525,4.154327869415283,7.941976070404053,12.44837474822998,9.127002716064453,9.84129524230957,12.146098136901855,13.017606735229492,8.758696556091309,7.07430362701416,music_au
glass1.au,0.3493814170360565,1716.1824852119971,2050.1394744338245,3633.786360324352,0.0539380714251161,0.10427065193653107,-158.88470458984375,122.57077026367188,6.925426006317139,30.71571159362793,-10.562345504760742,19.166749954223633,-8.640233039855957,5.11931848526001,-2.989934206008911,-0.752851665019989,-3.353303909301758,-3.223294496536255,-4.027308940887451,-0.8127373456954956,-3.5026931762695312,-3.6349692344665527,-9.043221473693848,-6.184788227081299,-7.281431198120117,-5.314539432525635,music_au
gravity.au,0.3487045168876648,2509.5916615201404,2548.9255505374585,5292.476330453028,0.11507186653444272,0.09054701030254364,-146.91903686523438,81.9583511352539,2.081662654876709,21.771339416503906,-2.5421085357666016,10.894637107849121,-2.5625622272491455,0.23612163960933685,-6.752537250518799,-0.18098515272140503,-2.534142255783081,-1.4641202688217163,-1.8346505165100098,-1.4668381214141846,-4.078932285308838,2.3209681510925293,-0.5732234716415405,-3.3682971000671387,-2.86853289604187,3.917280435562134,music_au
gravity2.au,0.21960437297821045,2379.739488345964,2568.1441981952057,5262.37651246251,0.13251507171536378,0.18830187618732452,-95.77995300292969,78.12042999267578,19.04701805114746,31.730607986450195,5.906527996063232,18.122825622558594,-2.888322591781616,1.76512610912323,-1.2375681400299072,-3.2493884563446045,-6.814713001251221,-0.3075287640094757,-1.6604803800582886,-5.717583179473877,-3.446636438369751,2.5323586463928223,-1.2667407989501953,-5.19666862487793,-5.820127010345459,4.034671783447266,music_au
guitar.au,0.21253861486911774,669.5193848194297,1316.4148871298094,929.4443797769931,0.030481675091911766,0.03880803659558296,-390.7934265136719,168.3802490234375,28.056419372558594,27.38693618774414,17.870004653930664,6.5502028465271,3.069899082183838,4.709264278411865,-4.643378734588623,-0.6151942610740662,-9.262584686279297,-7.962800025939941,-8.064484596252441,-2.7505877017974854,-3.5776398181915283,-2.0000360012054443,-1.2142199277877808,4.50669002532959,8.505668640136719,8.268906593322754,music_au
hendrix.au,0.42769715189933777,1612.4521702878176,1780.299932674224,3245.2637096676663,0.09390192651896284,0.0913410484790802,-144.0261993408203,129.6060791015625,-25.323772430419922,52.36433410644531,-1.8739213943481445,11.536365509033203,-9.007068634033203,14.329181671142578,1.803227186203003,4.545665740966797,-7.065742015838623,1.3549786806106567,-0.8124263882637024,-0.6698204278945923,0.24535168707370758,-6.114039897918701,-4.1206374168396,-5.971330642700195,-6.077514171600342,2.7745540142059326,music_au
ipanema.au,0.2897016108036041,2163.7154778395684,2167.6963108217165,3949.4927846241294,0.11347096918537151,0.07119442522525787,-184.5624542236328,92.52164459228516,-30.994291305541992,32.058067321777344,12.030776977539062,-16.804983139038086,-12.833213806152344,-10.800588607788086,-20.38787078857422,-5.148999214172363,-13.367290496826172,-0.9639837741851807,-6.831263065338135,4.744801044464111,11.126558303833008,4.068967342376709,10.67557144165039,8.244754791259766,5.395166397094727,7.873951435089111,music_au
jazz.au,0.3199191391468048,1782.117562015709,2047.451658345092,3466.862369690886,0.08349949508997678,0.05595000460743904,-207.99560546875,112.96587371826172,-24.00499153137207,15.439170837402344,11.263753890991211,13.34893798828125,1.8137505054473877,5.591036319732666,1.819811224937439,6.065967082977295,-0.966038167476654,3.287048101425171,-1.7689379453659058,-3.2664103507995605,-5.072787284851074,2.417099714279175,0.22452764213085175,4.5496649742126465,0.07100655883550644,1.0032711029052734,music_au
jazz1.au,0.36760979890823364,2413.569217681879,2578.123444187589,5239.526650632498,0.09767816974651702,0.04494557902216911,-193.52914428710938,77.6522216796875,0.7907688617706299,36.085872650146484,-1.1876330375671387,7.531872749328613,7.43798303604126,8.607766151428223,-4.308394432067871,11.296380996704102,5.48561429977417,1.9263001680374146,0.09968869388103485,2.8521997928619385,-0.9636921882629395,1.3621975183486938,-1.9230362176895142,-0.04951412230730057,-0.15160499513149261,1.0296287536621094,music_au
led.au,0.43527528643608093,2649.5085580416394,1766.2688151427615,3763.7939075198337,0.21497413469910992,0.1068895161151886,-96.4089584350586,65.1695556640625,-83.08875274658203,33.78114700317383,9.459403991699219,-40.31599044799805,-10.504644393920898,-12.762598991394043,-13.527933120727539,3.650712728500366,-7.61201286315918,6.3514485359191895,-3.4127042293548584,2.2676093578338623,9.765356063842773,7.36356782913208,10.425597190856934,4.530497074127197,17.979389190673828,-6.512110233306885,music_au
loreena.au,0.2920437157154083,1744.0230095959103,1855.0130640985105,3310.4633154145704,0.08819296633126934,0.07349841296672821,-172.0360565185547,116.21908569335938,-45.15936279296875,27.629474639892578,-0.5638429522514343,-20.003801345825195,-7.3210930824279785,-7.6479902267456055,-14.810112953186035,4.918800354003906,-11.369874000549316,0.3754473626613617,5.684474945068359,6.924197673797607,11.2457275390625,13.133893013000488,7.916863918304443,10.853307723999023,10.842403411865234,8.622462272644043,music_au
madradeus.au,0.2650006413459778,1667.0595326193677,1717.555456414547,2853.891076244437,0.09268386888061146,0.09289250522851944,-162.01058959960938,123.21846008300781,-48.34680938720703,27.003032684326172,11.484267234802246,-22.97749900817871,-22.302627563476562,-9.815820693969727,-18.19609832763672,-5.877102851867676,-12.250961303710938,6.579752445220947,-4.716752052307129,1.237109899520874,9.705963134765625,7.395998477935791,7.205174922943115,10.068666458129883,5.531198024749756,4.891011714935303,music_au
magkas.au,0.2810196578502655,2113.8481065955925,1659.8383374085633,3244.5637139004452,0.16204626124709753,0.12498068809509277,-145.32928466796875,94.76515197753906,-73.32988739013672,19.860517501831055,7.258738994598389,-24.627262115478516,-13.628389358520508,-7.519470691680908,-8.540335655212402,11.053561210632324,-1.5846211910247803,-0.25799500942230225,-8.351875305175781,3.358421802520752,9.177369117736816,7.4708428382873535,6.415534973144531,6.33962345123291,8.77507495880127,9.2232666015625,music_au
march.au,0.3912454843521118,1609.2075028881964,2006.1005943871164,3479.495626632643,0.06619725655476007,0.021895775571465492,-274.0457763671875,127.27670288085938,-13.886404037475586,28.374588012695312,-5.02821683883667,10.387630462646484,-1.8790650367736816,2.232332229614258,-4.65413761138916,1.2396959066390991,-0.14039824903011322,3.5220367908477783,-2.5117671489715576,1.3924293518066406,-2.326183319091797,1.26191246509552,-0.8170326352119446,0.5106089115142822,-0.23670940101146698,2.846497058868408,music_au
marlene.au,0.2962414622306824,1596.678617444299,1859.6830932581206,2999.00686541578,0.08126216923858359,0.05982350558042526,-235.74636840820312,127.81291198730469,-0.28698012232780457,24.86836051940918,-6.6595778465271,-5.394017696380615,-11.999526977539062,-7.355138301849365,-9.363113403320312,-4.249626636505127,-11.82563304901123,-3.9797885417938232,-6.321352481842041,3.3836100101470947,-3.475850820541382,-1.506070613861084,-4.961296558380127,1.0864903926849365,-2.6344594955444336,-5.403775215148926,music_au
mingus.au,0.2447996288537979,1504.7835651254027,1981.2368663218897,3219.297200016931,0.06500300829624613,0.12859609723091125,-183.93426513671875,112.87913513183594,9.700764656066895,38.82123947143555,-2.940903902053833,10.02428150177002,-0.31262046098709106,1.0869758129119873,-2.9814064502716064,1.9348634481430054,-5.065835475921631,6.400447845458984,-7.992384910583496,0.12382634729146957,0.39246460795402527,3.223911762237549,1.453564167022705,2.715364933013916,-0.13599246740341187,1.3929747343063354,music_au
mingus1.au,0.3397037386894226,1530.1187509548656,2084.3804135594773,3347.071427383659,0.06403060298955109,0.14147348701953888,-169.77975463867188,112.01417541503906,12.352158546447754,44.632774353027344,3.0952646732330322,6.1861796379089355,5.315670967102051,-4.299503326416016,-0.06465999037027359,8.206207275390625,-6.736414432525635,9.95276927947998,-6.429849147796631,7.308572769165039,5.237234592437744,3.8480734825134277,-2.1998097896575928,-6.928114414215088,-4.490720272064209,3.916224718093872,music_au
misirlou.au,0.31344398856163025,1504.7811846441161,1937.4185139419105,3240.7137371807275,0.08010571364647832,0.040463708341121674,-256.0794677734375,139.9523468017578,-11.29645824432373,24.019927978515625,4.600099086761475,15.088056564331055,2.6517529487609863,6.500574588775635,-3.8570284843444824,0.585460364818573,-8.01730728149414,4.981802463531494,1.8051797151565552,1.2142207622528076,3.5656538009643555,1.035534381866455,-2.085332155227661,-3.9861066341400146,11.467170715332031,-5.235609531402588,music_au
moanin.au,0.2865731716156006,1305.474058183903,1768.0232940531564,2465.0850939676857,0.0434029877370356,0.04592033475637436,-306.6573486328125,130.36781311035156,-12.895642280578613,14.385725975036621,9.630522727966309,3.2096378803253174,-10.011436462402344,-3.357989549636841,-11.150247573852539,-4.47520112991333,-5.367966175079346,-2.2865090370178223,-3.101807117462158,4.513888835906982,-0.8901775479316711,0.04738249629735947,1.7245625257492065,2.181551456451416,-0.9203560948371887,4.410905361175537,music_au
narch.au,0.3718372583389282,1649.6811965159523,2263.2380080546172,3677.602762039232,0.059363964541408666,0.08621512353420258,-153.21218872070312,123.26490020751953,13.45643138885498,22.257156372070312,-5.107806205749512,3.1391897201538086,-2.5126798152923584,4.265467166900635,-0.8643298149108887,2.463721752166748,-4.403217315673828,3.522702693939209,-1.8340157270431519,4.075400352478027,-2.3999974727630615,2.0411360263824463,-1.3898134231567383,2.098341464996338,-0.3359947204589844,0.7203621864318848,music_au
ncherry.au,0.4033213257789612,2541.577985408779,2824.9586320241137,5960.688956529363,0.07989142922794118,0.15861335396766663,-110.95196533203125,68.9151840209961,28.624364852905273,30.887571334838867,3.5172157287597656,21.079805374145508,-0.2271435558795929,9.491029739379883,0.2592814862728119,12.19861125946045,2.6445629596710205,10.40185260772705,8.04282283782959,12.22036075592041,6.773190975189209,3.144354820251465,-5.077417373657227,-2.6124508380889893,-1.0747190713882446,-1.7239784002304077,music_au
nearhou.au,0.3765062987804413,2446.9300786893837,2675.5020399191426,5498.208419752564,0.1070927008755805,0.1213773861527443,-90.29418182373047,83.17967224121094,2.0653700828552246,19.625099182128906,21.703594207763672,9.982010841369629,-12.270439147949219,9.24869155883789,1.994047999382019,7.975583076477051,-4.9807024002075195,-2.6569154262542725,-0.06453868001699448,-4.815803527832031,-6.367189884185791,-4.023862838745117,-8.864227294921875,-6.678567409515381,-7.535646915435791,-1.401131272315979,music_au
opera.au,0.45428726077079773,1606.3353284631487,1879.1092985508544,3017.9567508284154,0.08184757764125387,0.09358453750610352,-213.97317504882812,106.9897232055664,-31.209257125854492,36.01724624633789,21.767189025878906,-6.700886249542236,-4.926057815551758,17.967220306396484,5.969375133514404,3.310371160507202,2.956087589263916,11.112003326416016,0.9544698596000671,12.12460708618164,15.781740188598633,13.881089210510254,7.940760135650635,5.779040336608887,9.105500221252441,12.731245994567871,music_au
opera1.au,0.2672959566116333,1338.701185615523,1463.6862141133677,2617.4925057142514,0.07278489623645511,0.09024268388748169,-210.13278198242188,152.48828125,-36.74827575683594,20.296382904052734,-6.033715724945068,-20.932968139648438,7.942784786224365,0.13092966377735138,-19.881999969482422,-1.8500679731369019,-2.043825626373291,-10.482179641723633,1.6049187183380127,5.235955715179443,-3.7294180393218994,-2.228278636932373,2.266911029815674,0.3509775996208191,-4.8700642585754395,2.1969470977783203,music_au
pop.au,0.3119358420372009,1391.8728445983058,1676.8895810516544,2842.224480124081,0.0712010055872678,0.11132737994194031,-150.38632202148438,144.52574157714844,-22.175512313842773,34.59659957885742,-3.2424135208129883,15.454416275024414,2.9295482635498047,8.055482864379883,2.2691190242767334,2.2761619091033936,-2.8274757862091064,-1.4254857301712036,-4.837552547454834,-2.2368690967559814,-5.081376075744629,-0.27101582288742065,-4.867788791656494,1.1201281547546387,-1.490677833557129,0.9865732192993164,music_au
prodigy.au,0.3951212167739868,2613.346416650066,2633.652456574141,5559.874713531589,0.1372863958494582,0.08162055164575577,-111.23592376708984,88.22486114501953,7.485100746154785,17.1618595123291,-11.567673683166504,6.239477157592773,2.468728542327881,8.731145858764648,2.5922372341156006,9.263638496398926,4.637641429901123,9.80127239227295,1.9548946619033813,1.239516258239746,-0.7785820960998535,3.404005527496338,-4.799260139465332,2.80324649810791,6.412033557891846,2.9004323482513428,music_au
redhot.au,0.43115758895874023,2496.072710747139,2443.681721179698,5028.88625767947,0.12360847402283281,0.09053881466388702,-116.34329223632812,76.26066589355469,-16.723079681396484,44.89955139160156,21.130327224731445,11.721290588378906,3.89577579498291,10.53445816040039,-2.178722381591797,2.3779876232147217,2.9742379188537598,-0.12875483930110931,-5.232163906097412,-1.8519344329833984,-7.332033634185791,-1.9866068363189697,-3.5134592056274414,-0.6880562901496887,-3.786991834640503,2.324470043182373,music_au
rock.au,0.44811731576919556,2470.8684062131883,2295.467557291032,4648.388558497001,0.15056560504547215,0.06215804070234299,-131.28916931152344,79.8351058959961,-44.17689514160156,21.996862411499023,27.787797927856445,17.63419532775879,-3.9621622562408447,10.538941383361816,2.073029041290283,2.9785544872283936,1.0599677562713623,-0.6583318710327148,0.9962409734725952,-2.5173935890197754,-0.9999669194221497,-4.1284894943237305,-0.26158368587493896,0.003895573550835252,-3.928943395614624,-0.9563272595405579,music_au
rock2.au,0.38293442130088806,2146.4128638928823,2425.3167305113443,4706.379874498113,0.09402853195143189,0.05592627823352814,-158.201171875,104.35840606689453,0.992559015750885,23.902551651000977,-3.767822265625,7.504753589630127,-3.9602439403533936,3.4670655727386475,-4.76982307434082,1.9966447353363037,2.025970697402954,-0.4986109435558319,-3.730867385864258,-3.764930486679077,-8.831070899963379,0.8223928213119507,-8.646722793579102,-1.9332436323165894,-10.11859130859375,-0.7317886352539062,music_au
russo.au,0.26467806100845337,1592.3485066796034,2206.865466936617,3350.2547414679275,0.060368493614551086,0.07790029048919678,-211.30642700195312,115.08610534667969,14.80740737915039,24.693679809570312,8.598234176635742,5.049778938293457,2.6119754314422607,4.395240306854248,2.125598192214966,2.2306759357452393,-3.011364221572876,3.1837198734283447,-3.000157117843628,-4.420083522796631,-4.187350749969482,5.168315410614014,8.153558731079102,9.75139045715332,3.947434186935425,1.4585567712783813,music_au
tony.au,0.31722795963287354,2261.5459794757076,2548.247389169986,4956.311696527912,0.0880323474990325,0.07901924103498459,-161.88470458984375,77.35736083984375,4.708924293518066,40.611148834228516,6.632266998291016,9.307991027832031,5.708714008331299,7.065546035766602,-1.009731411933899,9.664796829223633,11.273581504821777,4.960410118103027,0.49164214730262756,3.108869791030884,3.3801772594451904,0.8576684594154358,-2.8486380577087402,-3.09863018989563,-4.290925979614258,-8.6316556930542,music_au
u2.au,0.38090094923973083,2069.6695188679514,2307.7476364158297,4108.883487477022,0.09588717528541021,0.09250475466251373,-109.52862548828125,106.35737609863281,-22.41798210144043,16.60940933227539,16.180219650268555,3.61094331741333,-7.414930820465088,3.8334367275238037,0.5711837410926819,3.3633546829223633,0.5790290236473083,4.1638946533203125,1.976874828338623,-1.1131526231765747,-1.8609613180160522,2.4615752696990967,1.028537631034851,1.503772497177124,-0.8724455833435059,-4.195943355560303,music_au
unpoco.au,0.30431830883026123,1995.6090455609144,2159.6312438293767,4188.624671959656,0.09802737398413312,0.08453308045864105,-165.45516967773438,115.00543975830078,1.1157208681106567,25.943395614624023,-15.260152816772461,7.514405250549316,-20.984983444213867,-1.3020893335342407,-13.748476028442383,-1.1628587245941162,-10.950958251953125,-0.3476901948451996,-7.369132995605469,-3.965226173400879,-8.477898597717285,-3.882448196411133,1.6152441501617432,-0.3695569336414337,-1.410761833190918,7.766240119934082,music_au
vlobos.au,0.22995500266551971,1235.8462770287545,1296.8857944369965,2216.394931096411,0.08347984290344428,0.07525544613599777,-223.5407257080078,166.3253173828125,-41.89063262939453,22.39727020263672,-9.348382949829102,-8.407624244689941,-2.687706232070923,-2.501227617263794,-1.8782118558883667,-3.6227121353149414,-14.44807243347168,-7.843380451202393,-4.117204666137695,0.9841892719268799,-2.7141237258911133,-1.7505062818527222,-1.9943130016326904,-2.1712870597839355,-6.257274150848389,-6.101674556732178,music_au
winds.au,0.3153170049190521,1358.4321059364272,1712.4887058118652,2650.2673075295083,0.07274710357004643,0.06671833246946335,-214.7025146484375,147.7401885986328,-5.034620761871338,21.0225887298584,0.9207857251167297,5.063775062561035,-2.3722121715545654,-4.988984107971191,-6.357450485229492,0.5812380909919739,-2.363396644592285,4.736473083496094,1.68648362159729,0.1638038605451584,-1.295255422592163,-1.0558136701583862,-3.0930492877960205,1.3580516576766968,-2.672621011734009,-3.4118146896362305,music_au
acomic.au,0.42920148372650146,1944.5190988242,2234.342379876762,3977.4759487470974,0.07338882304566563,0.04861999303102493,-229.3219757080078,108.63227081298828,-7.65404748916626,18.624784469604492,-2.1816883087158203,-6.6302714347839355,-2.5827291011810303,-4.635557174682617,-13.5272216796875,2.5799129009246826,-8.823500633239746,-5.528144359588623,0.5736228823661804,-3.879814863204956,-1.1245441436767578,1.4532569646835327,-6.567168712615967,1.4435111284255981,-1.2976369857788086,-0.8909227848052979,speech_au
acomic2.au,0.4829254448413849,1822.2285922109124,2389.5639275784156,3963.5176998173856,0.04340109810371517,0.02725004404783249,-348.61749267578125,98.46220397949219,17.148643493652344,26.328353881835938,13.67391586303711,10.47141170501709,-0.36180487275123596,1.3135429620742798,-3.6508777141571045,3.4379677772521973,-6.149574279785156,0.1828583925962448,0.23041950166225433,-0.0884004458785057,2.4455623626708984,1.9562963247299194,-2.376664638519287,3.615798234939575,0.29523560404777527,0.5066834092140198,speech_au
allison.au,0.46748995780944824,2296.1995034989764,2282.9025065512055,4454.789729162635,0.09529572005611456,0.06347648054361343,-225.88723754882812,81.50421142578125,-17.32334327697754,25.768932342529297,12.92402458190918,0.6637908816337585,-7.933902740478516,4.003644943237305,0.5059368014335632,14.187019348144531,-6.188706874847412,9.487451553344727,7.280012130737305,1.7443495988845825,5.765420913696289,7.080683708190918,3.7022764682769775,10.805447578430176,1.5449581146240234,7.360041618347168,speech_au
amal.au,0.4095509648323059,2744.2216261982658,2573.1316069188692,5638.599237495163,0.15369219233746131,0.02673656865954399,-256.3642578125,76.93804168701172,-8.52028751373291,15.298513412475586,-1.943931221961975,4.81660795211792,-15.251283645629883,-3.793362617492676,-1.7921062707901,-1.6943223476409912,-6.804605960845947,2.7265849113464355,-6.098003387451172,3.0367374420166016,-2.5996921062469482,2.0042033195495605,0.17252637445926666,2.387584924697876,-1.7922340631484985,3.9503042697906494,speech_au
austria.au,0.49522727727890015,2700.056618399727,2589.3215652396516,5574.799623282701,0.1304878730892028,0.04437963292002678,-237.62132263183594,77.9457015991211,-4.441962242126465,21.351327896118164,9.463467597961426,1.7287737131118774,-8.628445625305176,4.327469825744629,-6.817232608795166,3.4229135513305664,-1.7628670930862427,3.1314821243286133,-4.467551231384277,2.7803213596343994,0.44794273376464844,3.3533213138580322,0.16609825193881989,6.158685207366943,-0.278994619846344,6.5997395515441895,speech_au
bathroom1.au,0.3768245577812195,1736.403517788452,1714.1176559845183,3162.972540604441,0.08276027053502322,0.023345932364463806,-338.7851257324219,127.4018325805664,-43.76469421386719,21.113073348999023,18.522140502929688,-7.958839416503906,-9.31120491027832,15.654438972473145,-6.148438453674316,1.524945616722107,3.5735740661621094,-3.438620090484619,-0.04446382820606232,4.683801651000977,-4.476998805999756,2.054226875305176,-0.401364266872406,-0.2177862823009491,-0.10802000015974045,0.8566857576370239,speech_au
chant.au,0.4027220606803894,1713.0419519030058,1760.91858063933,3112.8478437016256,0.08664044359520123,0.07329403609037399,-238.41409301757812,119.16452026367188,-45.77082061767578,23.796083450317383,22.676647186279297,0.7857392430305481,-3.7686116695404053,12.660032272338867,-4.636200428009033,3.477097988128662,4.99819803237915,2.984907388687134,0.050488464534282684,5.2609052658081055,2.061380386352539,6.133469104766846,0.3778560757637024,1.9831633567810059,3.1102566719055176,1.6832282543182373,speech_au
charles.au,0.4710409343242645,2051.1028149171057,2302.92586502044,4262.190893781443,0.08332413711784056,0.07127261906862259,-219.04803466796875,99.91194915771484,-11.561535835266113,14.243871688842773,13.227398872375488,0.5882394313812256,-4.269843578338623,6.018069267272949,-8.273030281066895,10.607738494873047,5.057483196258545,5.998136043548584,2.57028865814209,9.33653450012207,6.340038776397705,8.810518264770508,-0.5577341318130493,9.474105834960938,3.572538375854492,2.778876543045044,speech_au
china.au,0.44868505001068115,2853.353628870334,2546.2158350867044,5669.024053520462,0.16739543525058048,0.08776436746120453,-209.31593322753906,73.9318618774414,-14.063875198364258,10.599847793579102,-0.06418886035680771,-6.119661331176758,-7.625373363494873,-0.33526313304901123,-8.569193840026855,7.2823944091796875,-6.993983268737793,0.3893807828426361,-4.177385330200195,1.4463006258010864,-0.9593054056167603,2.165734052658081,-1.6479095220565796,5.141014099121094,-1.5930802822113037,1.053015112876892,speech_au
comedy.au,0.41001564264297485,2559.6470904511384,2149.4887131154405,4455.181393460962,0.16372879075561145,0.07911689579486847,-157.39744567871094,72.6461181640625,-51.26340103149414,20.23737144470215,5.374233722686768,-21.09059715270996,-19.468748092651367,-7.222095966339111,-10.847240447998047,-4.228038787841797,-10.349698066711426,4.815827369689941,-2.6552798748016357,2.9876210689544678,13.413941383361816,1.7960362434387207,8.377436637878418,4.03429651260376,6.160191059112549,-0.8937714099884033,speech_au
comedy1.au,0.3610357940196991,2535.2666277310336,2134.8619156965333,4440.823146949981,0.15496353763544893,0.08278685808181763,-168.1226806640625,74.8616943359375,-49.83706283569336,20.38689422607422,2.4810383319854736,-15.811564445495605,-17.182710647583008,-7.383630275726318,-6.030778408050537,-3.515509843826294,-10.223406791687012,5.01263427734375,-1.4819233417510986,4.675827503204346,10.591452598571777,2.2133429050445557,6.44376277923584,3.36995005607605,3.4468839168548584,-0.36569374799728394,speech_au
conversion.au,0.44066670536994934,2862.4700507896,2759.958743340171,6131.187925545424,0.15203573976876936,0.01765052229166031,-279.1988830566406,78.75814056396484,5.6043381690979,15.579150199890137,-2.4528865814208984,5.315717697143555,-10.321582794189453,-1.1672112941741943,-7.941133499145508,2.166858673095703,-7.943918704986572,-1.3022868633270264,-5.646279335021973,-1.1254847049713135,-1.8277745246887207,4.741167068481445,-3.3847787380218506,2.294968605041504,-1.5554157495498657,2.5118227005004883,speech_au
danie.au,0.3792763650417328,2708.1650103735615,2486.940798785338,5300.026284799487,0.1526305963380418,0.03642352297902107,-243.6040496826172,77.18042755126953,-5.396901607513428,19.15528106689453,-2.947559356689453,0.706778347492218,-17.088205337524414,0.03444669395685196,-4.188870429992676,0.3713129162788391,-2.1757652759552,-1.29050612449646,-5.992006301879883,2.175368309020996,-1.2466990947723389,-3.2354917526245117,0.9639486074447632,7.508604049682617,-5.362091541290283,2.2549543380737305,speech_au
danie1.au,0.3561916947364807,2934.3845062794453,2413.619582972414,5447.408726931357,0.17640445106907895,0.05192306637763977,-219.8411407470703,66.89479064941406,-2.287824869155884,23.047731399536133,-7.489926815032959,1.9827877283096313,-24.680644989013672,1.6580270528793335,-6.078357696533203,0.5643106698989868,-3.160863161087036,-5.13563346862793,-3.241730213165283,2.248129367828369,-0.9302670359611511,-1.22492253780365,-0.4562150835990906,6.451918601989746,-4.113892555236816,1.2739555835723877,speech_au
dialogue.au,0.36524444818496704,2260.183537333903,2091.4522551621503,4194.107972136223,0.10862405971845976,0.08296255767345428,-195.37115478515625,80.5754165649414,-23.33041000366211,40.456817626953125,6.156972408294678,5.930685043334961,-0.09683208912611008,1.0242241621017456,-1.350957989692688,3.808422565460205,1.5144143104553223,4.056624889373779,-1.044651985168457,2.494617462158203,-0.24042503535747528,3.4656858444213867,-6.524405002593994,2.6995997428894043,1.003409504890442,-4.1836676597595215,speech_au
dialogue1.au,0.3971412181854248,2092.0859847110355,2151.2903805263263,4141.6416227263935,0.08069452338912539,0.04609554633498192,-264.12750244140625,84.78540802001953,-17.379568099975586,44.016624450683594,3.738290309906006,2.574026346206665,3.384615182876587,2.6737892627716064,1.4064505100250244,3.885342836380005,1.7618528604507446,5.616175651550293,2.7318477630615234,2.859260320663452,-0.6210356950759888,5.275399684906006,-10.730597496032715,-1.9074832201004028,0.44562819600105286,-7.093154430389404,speech_au
dialogue2.au,0.39454513788223267,2546.17032893685,2314.3140112802316,4896.570391108746,0.11508887323432662,0.10127595067024231,-167.34671020507812,69.06272888183594,-16.824264526367188,42.92377471923828,10.527729988098145,9.952584266662598,-1.028832197189331,0.3817131221294403,-1.460910439491272,2.9179883003234863,0.9553989768028259,3.837921619415283,1.9152189493179321,2.8407938480377197,-2.3448872566223145,4.573654651641846,-8.67960262298584,-1.1486750841140747,-1.421226143836975,-5.3736491203308105,speech_au
diamond.au,0.4331806004047394,2583.7344999835773,2380.964931890339,4823.504166263545,0.1151576558871904,0.02187546342611313,-338.139892578125,72.9187240600586,1.5395981073379517,34.6097526550293,19.09795379638672,0.05576449632644653,-13.331795692443848,18.38758087158203,-14.68398380279541,6.092173099517822,3.950620174407959,0.8752579092979431,-2.113717555999756,6.894556045532227,0.040956538170576096,3.0435996055603027,-1.41713547706604,-0.9711279273033142,-2.047358274459839,-0.20047497749328613,speech_au
ellhnika.au,0.4487493932247162,2867.9061280235906,2655.477851509048,5848.6229675104005,0.16797252926664086,0.031329575926065445,-247.1277313232422,78.40543365478516,-9.13796615600586,7.636774063110352,0.04884078726172447,-0.9498631358146667,-11.208209991455078,-1.7065263986587524,-10.850613594055176,2.797482967376709,-6.68607759475708,1.9956552982330322,-2.829869508743286,2.6636276245117188,-1.7080860137939453,4.996578693389893,-1.684965968132019,4.827330589294434,1.4256898164749146,4.21860933303833,speech_au
emil.au,0.5185739398002625,2884.2568547622013,2838.8204533426956,6331.478381083108,0.1579302619485294,0.013297426514327526,-288.2589111328125,81.98681640625,4.46770715713501,8.072471618652344,-2.1821775436401367,6.666285991668701,-5.324487686157227,3.736921787261963,-5.221236228942871,-0.6612100601196289,-5.188861846923828,3.817596673965454,-6.573369026184082,-0.8958249092102051,0.8393628597259521,4.7470197677612305,-3.080432176589966,3.9432075023651123,-0.31226253509521484,3.729116439819336,speech_au
female.au,0.3268376588821411,1490.807553185288,1621.642940496076,2716.108576063032,0.07086276122291021,0.05798173323273659,-270.37530517578125,131.86878967285156,-36.23798370361328,35.20979690551758,20.538007736206055,-15.550618171691895,-9.787945747375488,19.107221603393555,-7.722794532775879,2.843933582305908,7.243738651275635,1.560166358947754,3.1896262168884277,9.971570014953613,-0.38040196895599365,5.911495208740234,3.4179203510284424,0.5023050904273987,1.0159258842468262,1.9659820795059204,speech_au
fem_rock.au,0.3742748200893402,2072.3178535468946,2142.546319859664,4057.3004660591623,0.08607506530572756,0.027661940082907677,-349.8171691894531,106.8567886352539,-12.632030487060547,26.20948600769043,9.890182495117188,-16.330400466918945,2.5704009532928467,-6.371044635772705,-9.163400650024414,-2.5260448455810547,-3.003105401992798,-2.7069880962371826,-8.939111709594727,-2.365800142288208,-2.6315505504608154,-1.1339808702468872,-4.19064998626709,1.8649249076843262,-4.215648651123047,-4.669337749481201,speech_au
fire.au,0.4381330907344818,1881.3576205802476,2197.7029652966166,3615.261472341815,0.05836586022155573,0.04718529433012009,-304.2552185058594,107.1292953491211,11.004379272460938,19.677818298339844,11.686569213867188,2.906564712524414,-3.5244767665863037,2.5387582778930664,-16.929550170898438,0.6789456009864807,-3.8557024002075195,3.042398452758789,-6.344511985778809,3.480597972869873,-1.8859056234359741,3.187513589859009,-2.2808003425598145,0.46046578884124756,-1.3539173603057861,-1.4418128728866577,speech_au
geography.au,0.41003918647766113,2417.7782300015538,2316.477475420514,4776.037786619582,0.09734521635545666,0.012099379673600197,-384.06170654296875,68.541259765625,-12.04616641998291,43.210968017578125,5.006306171417236,8.497116088867188,-7.634163856506348,4.3994574546813965,-0.8055678606033325,0.1367511749267578,7.582901954650879,-1.509835958480835,0.8675056099891663,6.2778639793396,-3.625462532043457,2.6626691818237305,-5.607687950134277,-0.6652933359146118,-3.043710470199585,-2.5678038597106934,speech_au
geography1.au,0.41377395391464233,2375.2253558542798,2207.025266708432,4506.564416088187,0.10758022627225232,0.045540761202573776,-265.29620361328125,77.8190689086914,-13.477052688598633,40.20176315307617,6.446249961853027,6.054742336273193,-7.089797019958496,2.6642580032348633,-1.635009765625,-2.358577251434326,6.710867881774902,-1.8305894136428833,-2.6938748359680176,7.383875370025635,-3.8519411087036133,2.1588029861450195,-5.254755973815918,-2.8179476261138916,-2.0786404609680176,-3.2838973999023438,speech_au
georg.au,0.5035407543182373,2341.268111863219,2437.6745406310297,4831.620783850135,0.10250126983359133,0.04988572746515274,-238.38027954101562,87.33875274658203,-11.25879192352295,18.560169219970703,16.592792510986328,5.142775535583496,-8.975053787231445,5.326208591461182,-2.179445266723633,3.570838689804077,2.0539891719818115,7.438599109649658,-1.9505695104599,4.988503456115723,4.968539714813232,5.286909103393555,0.40667814016342163,9.202092170715332,0.13687871396541595,5.799623489379883,speech_au
god.au,0.4071873128414154,2081.5893843785543,2301.6367439351266,4281.924107790732,0.06246409696691176,0.045753445476293564,-252.62620544433594,89.0066909790039,-10.065157890319824,32.16362762451172,12.187378883361816,8.517812728881836,3.434368848800659,-1.7220330238342285,-13.648983001708984,3.647073268890381,-0.8019649982452393,-1.313223958015442,-3.0976064205169678,-0.7032885551452637,-1.904868721961975,3.1631569862365723,-4.2562103271484375,0.41432034969329834,-2.534980058670044,-0.3096573054790497,speech_au
greek.au,0.5440404415130615,1965.9418127795057,2563.0532283879515,4660.780150233408,0.05566859761996904,0.04101851209998131,-270.8215026855469,90.45584869384766,10.255533218383789,23.588623046875,8.525144577026367,9.349152565002441,-2.878098249435425,9.344043731689453,3.805811882019043,8.659269332885742,2.7128052711486816,10.681045532226562,0.4587409794330597,7.275309085845947,3.353745460510254,10.832735061645508,1.518154501914978,9.389286041259766,4.445645809173584,4.568846225738525,speech_au
greek1.au,0.425510972738266,2683.1892223492596,2449.096718899535,5209.793497091477,0.15409052704140866,0.041328322142362595,-232.2644805908203,83.0565414428711,-9.072697639465332,11.889039993286133,1.469205379486084,6.723301887512207,-21.562057495117188,4.181817054748535,-9.53711986541748,4.7210373878479,-5.760432243347168,3.2517807483673096,-1.5003541707992554,-0.6598454713821411,-4.848948001861572,8.141264915466309,-6.851434230804443,2.8676676750183105,2.3687994480133057,0.294695109128952,speech_au
india.au,0.4356577694416046,2523.0162172297855,2634.048205004586,5463.94196029049,0.12324755405863003,0.027642875909805298,-256.2395935058594,91.87278747558594,-3.0289032459259033,8.264074325561523,3.2879741191864014,-0.7551882266998291,-10.120094299316406,4.075612545013428,-3.474879264831543,7.153529644012451,-8.194472312927246,4.851466655731201,-1.5442930459976196,-1.0202784538269043,4.349900245666504,2.712909698486328,-4.542664051055908,5.9234938621521,-2.304337501525879,3.557553291320801,speech_au
jony.au,0.3839298486709595,1765.2029424299358,1756.9391902143377,3269.7468949545278,0.08679917279411764,0.045809607952833176,-272.0971984863281,115.43014526367188,-45.319786071777344,24.544828414916992,15.667128562927246,1.3727413415908813,-1.2547261714935303,9.01170539855957,-5.18005895614624,3.375868558883667,3.868347644805908,6.241459369659424,1.234645962715149,3.316765308380127,2.873772382736206,5.996614456176758,-3.7860593795776367,-0.9319835901260376,1.3901879787445068,-2.138498067855835,speech_au
jvoice.au,0.4149200916290283,1472.299212917585,1908.382278423292,2778.9081963223202,0.048140676398026314,0.032253365963697433,-320.9124755859375,131.73316955566406,11.826745986938477,34.10866928100586,12.823582649230957,-0.10139913856983185,9.974831581115723,4.392573356628418,-1.4991822242736816,10.215805053710938,-3.5746049880981445,6.2615814208984375,-7.528732776641846,3.869595766067505,0.7036925554275513,1.0005526542663574,-4.886078357696533,5.276987075805664,-4.291127681732178,-1.7883830070495605,speech_au
kedar.au,0.44453245401382446,2661.2881355446,2579.55832014286,5485.175165229538,0.13738352300212847,0.036796290427446365,-237.62652587890625,85.50773620605469,-5.401982307434082,14.655692100524902,4.052377700805664,-0.8983086347579956,-8.570968627929688,2.271230697631836,-5.084139347076416,2.3345303535461426,-10.325655937194824,6.032214641571045,-2.810382604598999,-2.963499069213867,6.129556179046631,4.248600006103516,-3.669900417327881,8.287760734558105,-0.6073960065841675,1.2817124128341675,speech_au
kid.au,0.3827645480632782,2638.9017014938886,2386.411532133061,5021.844633592541,0.12454157495646284,0.032068777829408646,-293.0045166015625,59.93598937988281,-7.799027442932129,42.03252029418945,6.884403705596924,4.913544654846191,-0.305956095457077,0.42656025290489197,0.3333952724933624,2.473987102508545,0.9313734173774719,6.6994547843933105,-4.136857032775879,5.64095401763916,-2.781909704208374,-4.21150541305542,-5.4279303550720215,-0.7538187503814697,-4.670055866241455,-3.191282272338867,speech_au
lena.au,0.3742273151874542,3047.6865767907616,2469.8027307500693,5642.665879571401,0.18609827000290247,0.082135871052742,-207.8624725341797,66.6585693359375,-9.444571495056152,3.0236425399780273,-5.8954291343688965,-7.873147964477539,-9.827957153320312,0.7742775678634644,-9.297919273376465,7.770642280578613,-5.800775527954102,3.450502872467041,-8.595548629760742,1.5421626567840576,-3.666321039199829,0.09256421029567719,-3.1720194816589355,0.5643909573554993,-2.8668406009674072,2.9966413974761963,speech_au
male.au,0.4231281280517578,1779.3814502479963,1994.2344108441457,3500.0121692385837,0.06701697948916409,0.07798455655574799,-232.5991668701172,121.99295806884766,-4.867381572723389,32.128665924072266,15.79442024230957,-5.246002197265625,-3.9588663578033447,-4.977830410003662,-12.735424041748047,-0.8292143940925598,-3.1807596683502197,-1.131325602531433,-5.723544120788574,3.1874921321868896,-1.8324564695358276,4.84539270401001,-4.321381092071533,0.1616246998310089,-0.3456282615661621,-1.936955451965332,speech_au
my_voice.au,0.4625748097896576,2873.7316559664155,2728.8120433696245,6142.462857367454,0.15415250701431887,0.02326497994363308,-271.667236328125,78.65679168701172,1.9622621536254883,12.520223617553711,3.1285762786865234,9.678397178649902,-13.749465942382812,6.206508159637451,-6.317706108093262,5.389179229736328,-6.603044509887695,1.9669729471206665,-4.071802139282227,-1.8094284534454346,-1.237526774406433,4.679254055023193,-5.620163440704346,7.654350757598877,-0.18350628018379211,-0.37153786420822144,speech_au
nether.au,0.43201062083244324,2687.0570094285276,2469.4384608173555,5339.551045798665,0.14976817978424922,0.04455036669969559,-222.54522705078125,77.8136215209961,-2.326573610305786,29.24617576599121,-2.4591057300567627,1.7318586111068726,-15.7775239944458,8.382413864135742,-10.385231018066406,5.306607723236084,-6.074640274047852,-1.6434879302978516,-0.6703135371208191,-2.0026113986968994,5.079818248748779,6.445186138153076,-2.296504259109497,5.124917984008789,-0.2913292348384857,6.3403425216674805,speech_au
news1.au,0.4380933940410614,2525.9500251728077,2279.3064320897565,4827.879139808679,0.13069081970781735,0.0867660641670227,-138.93936157226562,77.8289566040039,-17.905113220214844,31.371383666992188,-0.8983367681503296,8.316702842712402,-7.876473903656006,4.929150104522705,-7.077622413635254,5.252739429473877,-2.2031054496765137,7.8793416023254395,-4.800113201141357,0.6258262395858765,-2.659081220626831,2.776029109954834,-7.012990951538086,0.017348699271678925,0.2704832851886749,-3.5853521823883057,speech_au
news2.au,0.421372652053833,2250.0011028916056,1985.2370649751967,3994.9675096446886,0.11892407302147832,0.03316326066851616,-272.7842712402344,88.2092056274414,-35.782840728759766,41.545345306396484,18.9165096282959,2.0539627075195312,-5.707834720611572,6.705173492431641,-13.116697311401367,4.230579853057861,0.4092715382575989,0.2907768785953522,-3.1548519134521484,5.013392925262451,-3.2595794200897217,1.462737798690796,-0.7210472226142883,-1.981406569480896,-0.337228000164032,-0.45476698875427246,speech_au
nj105.au,0.3757762014865875,1931.9575753198392,1883.4475092342918,3619.244781588622,0.093130956124226,0.02098475955426693,-358.01519775390625,111.01030731201172,-32.03401184082031,32.433712005615234,21.72243881225586,-6.038486480712891,-8.579449653625488,11.279998779296875,-6.587129592895508,3.992234468460083,7.0405802726745605,-0.7816106081008911,-0.02364930510520935,8.24618911743164,-1.7365790605545044,2.0513837337493896,0.0072428700514137745,0.6900917291641235,-0.6465978622436523,1.2091622352600098,speech_au
nj105a.au,0.3626865744590759,2139.904328687865,2020.7077403449005,4112.233467220153,0.1002737700754644,0.09847191721200943,-184.51568603515625,94.57345581054688,-28.461748123168945,40.14255905151367,5.681368350982666,-0.16572348773479462,-3.8949718475341797,5.40423059463501,-1.6152989864349365,3.057384490966797,0.28138870000839233,0.9477506875991821,-2.8007051944732666,4.368170261383057,-4.049283981323242,-0.05183301866054535,-4.261879920959473,-0.6058228611946106,-3.9100983142852783,-0.2321671098470688,speech_au
oneday.au,0.40549322962760925,987.380347634329,1731.6139402560595,1860.8887474603328,0.017576235366679568,0.04012865945696831,-382.33868408203125,117.81555938720703,27.883392333984375,24.745386123657227,17.90191078186035,9.018997192382812,4.141673564910889,2.888094902038574,-0.8876835107803345,2.636570692062378,-1.9946017265319824,-1.4844013452529907,-0.7243232727050781,2.8615670204162598,-2.066533327102661,-4.259839057922363,1.2916967868804932,-2.191502094268799,-3.093549966812134,-1.4081172943115234,speech_au
psychic.au,0.40919229388237,1504.0953593394613,1494.4258185867998,2714.208587552003,0.07892355904121517,0.0809105783700943,-210.07928466796875,151.5545654296875,-58.79257583618164,22.0318546295166,19.975513458251953,-9.520535469055176,-7.461927890777588,13.390082359313965,-8.704300880432129,6.941189289093018,4.543888568878174,-2.784559965133667,3.678288459777832,5.119826793670654,-4.8251800537109375,5.422715663909912,1.1121736764907837,-1.459355115890503,4.420249938964844,3.3696985244750977,speech_au
pulp.au,0.4498681426048279,2307.066562865783,2052.214033796262,4023.70900251548,0.14040240119485295,0.03591768443584442,-207.97991943359375,90.40670776367188,-47.69880676269531,23.401166915893555,-0.3233359158039093,-13.501710891723633,-12.836423873901367,-5.675289630889893,-9.27471923828125,7.565418243408203,-3.6162097454071045,6.446880340576172,2.3115570545196533,8.001152992248535,10.893808364868164,9.030599594116211,4.352362155914307,10.83272647857666,8.171117782592773,3.273615598678589,speech_au
pulp1.au,0.446507066488266,2467.42936321834,2092.438438599811,4354.698667732924,0.16312032882643188,0.041330426931381226,-201.1790008544922,83.50348663330078,-48.439449310302734,17.238985061645508,0.140430748462677,-10.114821434020996,-19.099863052368164,-1.3256306648254395,-10.303366661071777,-0.965461015701294,-7.953858375549316,8.202977180480957,2.455578565597534,3.5915722846984863,9.774538040161133,6.453031063079834,0.8656463027000427,3.131072998046875,2.737103223800659,3.4076321125030518,speech_au
pulp2.au,0.3859298825263977,2442.634786005243,2186.345282919226,4568.205710018382,0.14959773485874614,0.040363702923059464,-223.7359161376953,84.7223892211914,-39.38846206665039,16.095706939697266,-2.097918748855591,-2.9272711277008057,-16.704387664794922,-2.9225590229034424,-4.752243995666504,1.0985838174819946,-11.439746856689453,7.188417434692383,-1.9128011465072632,2.250288724899292,10.34481143951416,7.054324626922607,2.1489815711975098,6.466148376464844,2.4874460697174072,4.090307235717773,speech_au
relation.au,0.3690292537212372,1895.6920564071977,1795.5843985044778,3489.3789002031735,0.09398242489841331,0.06438612937927246,-221.30703735351562,112.69795227050781,-42.79625701904297,36.571502685546875,13.168813705444336,-10.720178604125977,-4.789624214172363,12.626617431640625,-4.870070457458496,4.1469221115112305,2.176685333251953,-2.427259683609009,0.9559202194213867,7.860248565673828,-2.553314685821533,1.2353228330612183,-1.277448058128357,-2.0426840782165527,-0.33004096150398254,0.2445838451385498,speech_au
serbian.au,0.32238152623176575,2672.0277103075755,2355.6818614315575,5167.510419438129,0.1456465115857198,0.05125667527318001,-225.9666290283203,72.40264892578125,-13.845902442932129,20.179719924926758,-13.295689582824707,-5.570644378662109,-12.162359237670898,-4.623504638671875,-1.8840948343276978,-1.958474040031433,-0.9066669344902039,5.812602996826172,-7.3488664627075195,4.011701583862305,0.7432084083557129,-2.6379446983337402,-2.666055917739868,0.8038073182106018,-3.644486665725708,2.3398377895355225,speech_au
shannon.au,0.3993864059448242,2784.062056919411,2549.0794390732426,5643.815872617551,0.1372297068498452,0.035799965262413025,-241.90762329101562,78.90093231201172,4.1324663162231445,18.676618576049805,-9.422587394714355,0.34386906027793884,-16.570154190063477,5.343589782714844,-0.267122358083725,5.413729190826416,-7.195625305175781,12.955674171447754,-4.70593786239624,8.16368293762207,1.6630810499191284,-3.495098352432251,3.0465245246887207,1.8619126081466675,-4.561604976654053,8.211085319519043,speech_au
sleep.au,0.44099733233451843,2325.8375495455607,2265.1420280624766,4514.731033372436,0.10103037925696594,0.016292836517095566,-348.42120361328125,79.90162658691406,-14.364629745483398,39.82176971435547,7.897518157958984,5.566128253936768,-4.030395984649658,-0.6714811325073242,3.9003286361694336,0.88644939661026,6.655717849731445,1.3060723543167114,1.1094732284545898,5.758816719055176,-3.1999783515930176,4.9035325050354,-6.804877758026123,-1.907322883605957,-1.208679437637329,-4.859350204467773,speech_au
smoke1.au,0.3779868483543396,1976.1541969306477,1989.9456748236296,3763.6855748415733,0.08871752854102168,0.06455094367265701,-229.54364013671875,100.45577239990234,-27.446956634521484,37.057464599609375,13.695273399353027,-0.9109761714935303,0.9768397212028503,6.9558610916137695,0.92718905210495,4.9965434074401855,3.6836681365966797,2.2622814178466797,2.3017544746398926,6.087773323059082,-1.2900439500808716,3.317077159881592,-3.2097890377044678,3.0408129692077637,0.11881183087825775,-3.1327733993530273,speech_au
smoking.au,0.4027106761932373,1665.5541598905252,1703.990212452174,2990.790248433872,0.07853353872387771,0.07216817885637283,-221.31167602539062,127.39720153808594,-42.413455963134766,25.442134857177734,19.36271858215332,1.781463384628296,-7.527144432067871,2.0692026615142822,-3.413242816925049,7.034070014953613,3.251189708709717,-0.06182439625263214,0.9702851176261902,6.734190464019775,-0.14695724844932556,5.046653747558594,-0.08704019337892532,2.4821691513061523,1.2082407474517822,-0.4849604070186615,speech_au
stupid.au,0.39287588000297546,2308.9913605806055,2175.162986523976,4373.065223339541,0.10579905790441177,0.04508892446756363,-254.21754455566406,72.51741790771484,-20.773853302001953,43.99834442138672,8.696221351623535,9.0530424118042,-4.217472553253174,3.6368324756622314,1.973479986190796,4.344986438751221,1.9673103094100952,2.787248134613037,-0.9873221516609192,2.4014010429382324,1.3099942207336426,4.72182559967041,-5.553839206695557,2.427610397338867,1.8736672401428223,-5.125063419342041,speech_au
teachers.au,0.40762656927108765,2028.3487572790236,1944.9408990503318,3804.7603264681693,0.09520199424342106,0.06123100593686104,-234.1305694580078,103.22015380859375,-35.0928840637207,36.25056838989258,13.288826942443848,-5.233489036560059,-2.5590720176696777,9.502896308898926,-5.338846683502197,3.0451836585998535,0.3334175646305084,0.15577952563762665,-1.2565943002700806,1.2336581945419312,-2.1715087890625,3.9577250480651855,-4.864172458648682,-1.6659168004989624,0.5280927419662476,-2.859057903289795,speech_au
teachers1.au,0.36748775839805603,1509.3653790250164,1520.5025505952624,2673.542166789619,0.07261142789763932,0.06110239028930664,-245.30577087402344,140.61276245117188,-52.13521194458008,23.817893981933594,17.355958938598633,-11.435686111450195,-8.158370971679688,15.459380149841309,-5.86820650100708,7.1379499435424805,4.575440406799316,-4.205101013183594,0.817001461982727,6.080622673034668,-6.259853839874268,1.3737818002700806,-2.232278347015381,-4.707890033721924,-2.532684564590454,-0.32938116788864136,speech_au
teachers2.au,0.3451041877269745,1805.4506880897577,1651.474774828669,3184.4140776170666,0.1057298973248839,0.15242622792720795,-156.26153564453125,124.77945709228516,-39.42010498046875,40.72886276245117,20.81426239013672,-12.974971771240234,-3.136249542236328,14.03298282623291,-6.467076778411865,2.8006632328033447,3.0044302940368652,0.5781975388526917,1.1872278451919556,5.493411540985107,-3.781392812728882,4.8059186935424805,-0.7395138740539551,-2.6076066493988037,-0.08129467070102692,1.7491884231567383,speech_au
thlui.au,0.4143919348716736,2548.983369737406,2275.520386317447,4957.278357349313,0.13990807311822756,0.07035888731479645,-195.0213623046875,93.76589965820312,-22.77181625366211,18.97983741760254,-2.020350694656372,-13.888028144836426,-6.613217830657959,-7.116211891174316,-6.246049880981445,9.830375671386719,-7.597574710845947,5.015551567077637,3.159761667251587,-0.8680291175842285,-0.4505017101764679,6.151447296142578,-8.47932243347168,5.248228073120117,-0.46490478515625,-1.259289026260376,speech_au
undergrad.au,0.40348169207572937,1853.6737497435709,2126.767953669242,3442.1458524816176,0.07288391302244582,0.07798512279987335,-253.34878540039062,113.22232818603516,14.346809387207031,19.560462951660156,9.102862358093262,1.6458040475845337,-4.726992607116699,4.427879333496094,-18.53505516052246,-2.608844518661499,-5.409898281097412,1.751103162765503,-4.2719879150390625,2.9269795417785645,-2.214559555053711,2.1565115451812744,-5.249898910522461,2.554352283477783,-4.1509690284729,-1.2575030326843262,speech_au
vegetables.au,0.3477861285209656,1727.0147453800741,1727.00497667667,3108.92286743542,0.08774209982101393,0.07752163708209991,-221.63368225097656,121.09716033935547,-47.56029510498047,27.573698043823242,23.71959114074707,-11.671847343444824,-6.756312847137451,11.279473304748535,-4.02079963684082,9.851714134216309,3.9669594764709473,-3.5410375595092773,6.105564594268799,7.579817295074463,-4.970333576202393,7.058421611785889,0.24241690337657928,-3.204836368560791,3.8617639541625977,2.6013081073760986,speech_au
vegetables1.au,0.3579463064670563,1687.1817491552713,1759.6130902577559,3172.647482101393,0.08023496456559598,0.07584098726511002,-244.15115356445312,122.68309783935547,-37.116363525390625,34.48651885986328,22.685606002807617,-12.467411041259766,-3.6784796714782715,13.06529712677002,-8.018820762634277,2.717576265335083,4.673410892486572,0.44900885224342346,1.6473623514175415,8.586726188659668,0.2551424503326416,5.403737545013428,1.2180718183517456,-0.33039459586143494,1.4371949434280396,0.2935907244682312,speech_au
vegetables2.au,0.3500291705131531,1443.955853270872,1503.946048363591,2596.0343021357394,0.06648599252612229,0.050741732120513916,-279.9245910644531,141.186767578125,-52.80575942993164,24.118440628051758,22.088655471801758,-16.941390991210938,-8.006762504577637,18.19841194152832,-7.559347152709961,6.529844284057617,7.3555989265441895,-3.4939515590667725,-0.2723590135574341,7.43289852142334,-5.315632343292236,3.76157283782959,1.0656020641326904,-3.412529706954956,2.3873331546783447,5.8208441734313965,speech_au
voice.au,0.3707423508167267,1780.4553473708227,1751.4733760570425,3266.213582986649,0.08258226707623839,0.06441949307918549,-240.9947509765625,119.9649887084961,-38.68320846557617,32.01491928100586,17.549293518066406,-9.188422203063965,-7.6857171058654785,13.874341011047363,-8.013319969177246,3.035766124725342,5.713947772979736,-1.4612479209899902,0.07542053610086441,7.3209309577941895,-1.6632710695266724,2.611598014831543,0.7813414931297302,-1.1130571365356445,-1.1766555309295654,0.48064783215522766,speech_au
voices.au,0.41656675934791565,2027.365508706176,2123.716858953256,3878.09321636755,0.08645488160313468,0.045776624232530594,-264.4786071777344,104.70101928710938,3.862722635269165,37.744075775146484,13.765271186828613,0.28751271963119507,-0.415082722902298,0.6352859735488892,-7.520870685577393,9.461481094360352,-9.736519813537598,1.554720401763916,-4.2606987953186035,-0.8945187926292419,1.2500067949295044,4.161846160888672,-6.969326019287109,2.2471566200256348,-1.160902976989746,-0.13459689915180206,speech_au
